,aid_from,aid_to,step_from,step_to,function,evaluate,predict_action,
0,a11,a12,0,0,b11,tp,click,
1,a11,a12,1,1,b11,tp,send_keys_and_enter,
2,a11,a12,2,2,b11,tp,wait_until_element_presence,
3,a11,a13,0,0,b11,tp,click,
4,a11,a13,1,1,b11,tp,send_keys_and_enter,
5,a11,a13,2,2,b11,tp,wait_until_element_presence,
6,a11,a14,0,1,b11,tp,click,
7,a11,a14,1,2,b11,tp,send_keys_and_enter,
8,a11,a14,2,3,b11,tp,wait_until_element_presence,
9,a11,a15,0,1,b11,tp,click,
10,a11,a15,1,2,b11,tp,send_keys_and_enter,
11,a11,a15,2,3,b11,tp,wait_until_element_presence,
12,a12,a11,0,0,b11,tp,click,
13,a12,a11,1,1,b11,tp,send_keys_and_enter,
14,a12,a11,2,2,b11,tp,wait_until_element_presence,
15,a12,a13,0,0,b11,tp,click,
16,a12,a13,1,1,b11,tp,send_keys_and_enter,
17,a12,a13,2,2,b11,tp,wait_until_element_presence,
18,a12,a14,0,1,b11,tp,click,
19,a12,a14,1,2,b11,tp,send_keys_and_enter,
20,a12,a14,2,3,b11,tp,wait_until_element_presence,
21,a12,a15,0,1,b11,tp,click,
22,a12,a15,1,2,b11,tp,send_keys_and_enter,
23,a12,a15,2,3,b11,tp,wait_until_element_presence,
24,a13,a11,0,0,b11,tp,click,
25,a13,a11,1,1,b11,tp,send_keys_and_enter,
26,a13,a11,2,2,b11,tp,wait_until_element_presence,
27,a13,a12,0,0,b11,tp,click,
28,a13,a12,1,1,b11,tp,send_keys_and_enter,
29,a13,a12,2,2,b11,tp,wait_until_element_presence,
30,a13,a14,0,1,b11,tp,click,
31,a13,a14,1,2,b11,tp,send_keys_and_enter,
32,a13,a14,2,3,b11,tp,wait_until_element_presence,
33,a13,a15,0,1,b11,tp,click,
34,a13,a15,1,2,b11,tp,send_keys_and_enter,
35,a13,a15,2,3,b11,tp,wait_until_element_presence,
36,a14,a11,0,-1,b11,tp,,
37,a14,a11,1,0,b11,tp,click,
38,a14,a11,2,1,b11,tp,send_keys_and_enter,
39,a14,a11,3,2,b11,tp,wait_until_element_presence,
40,a14,a12,0,-1,b11,tp,,
41,a14,a12,1,0,b11,tp,click,
42,a14,a12,2,1,b11,tp,send_keys_and_enter,
43,a14,a12,3,2,b11,tp,wait_until_element_presence,
44,a14,a13,0,-1,b11,tp,,
45,a14,a13,1,0,b11,tp,click,
46,a14,a13,2,1,b11,tp,send_keys_and_enter,
47,a14,a13,3,2,b11,tp,wait_until_element_presence,
48,a14,a15,0,0,b11,tp,click,
49,a14,a15,1,1,b11,tp,click,
50,a14,a15,2,2,b11,tp,send_keys_and_enter,
51,a14,a15,3,3,b11,tp,wait_until_element_presence,
52,a15,a11,0,-1,b11,tp,,
53,a15,a11,1,0,b11,tp,click,
54,a15,a11,2,1,b11,tp,send_keys_and_enter,
55,a15,a11,3,2,b11,tp,wait_until_element_presence,
56,a15,a12,0,-1,b11,tp,,
57,a15,a12,1,0,b11,tp,click,
58,a15,a12,2,1,b11,tp,send_keys_and_enter,
59,a15,a12,3,2,b11,tp,wait_until_element_presence,
60,a15,a13,0,-1,b11,tp,,
61,a15,a13,1,0,b11,tp,click,
62,a15,a13,2,1,b11,tp,send_keys_and_enter,
63,a15,a13,3,2,b11,tp,wait_until_element_presence,
64,a15,a14,0,0,b11,tp,click,
65,a15,a14,1,1,b11,tp,click,
66,a15,a14,2,2,b11,tp,send_keys_and_enter,
67,a15,a14,3,3,b11,tp,wait_until_element_presence,
68,a11,a12,0,0,b12,tp,click,
69,a11,a12,1,1,b12,tp,send_keys_and_enter,
70,a11,a12,2,2,b12,tp,wait_until_element_presence,
71,a11,a12,3,3,b12,tp,send_keys_and_enter,
72,a11,a12,4,4,b12,tp,wait_until_element_presence,
73,a11,a12,5,5,b12,tp,SYS,
74,a11,a12,6,6,b12,tp,wait_until_element_presence,
75,a11,a13,0,0,b12,tp,click,
76,a11,a13,1,1,b12,tp,send_keys_and_enter,
77,a11,a13,2,2,b12,tp,wait_until_element_presence,
78,a11,a13,3,3,b12,tp,send_keys_and_enter,
79,a11,a13,4,4,b12,tp,wait_until_element_presence,
80,a11,a13,5,5,b12,tp,SYS,
81,a11,a13,6,6,b12,tp,wait_until_element_presence,
82,a11,a14,0,1,b12,tp,click,
83,a11,a14,1,2,b12,tp,send_keys_and_enter,
84,a11,a14,2,3,b12,tp,wait_until_element_presence,
85,a11,a14,3,4,b12,tp,send_keys_and_enter,
86,a11,a14,4,5,b12,tp,wait_until_element_presence,
87,a11,a14,5,6,b12,tp,SYS,
88,a11,a14,6,7,b12,tp,wait_until_element_presence,
89,a11,a15,0,1,b12,tp,click,
90,a11,a15,1,2,b12,tp,send_keys_and_enter,
91,a11,a15,2,3,b12,tp,wait_until_element_presence,
92,a11,a15,3,4,b12,tp,send_keys_and_enter,
93,a11,a15,4,5,b12,tp,wait_until_element_presence,
94,a11,a15,5,6,b12,tp,SYS,
95,a11,a15,6,7,b12,tp,wait_until_element_presence,
96,a12,a11,0,0,b12,tp,click,
97,a12,a11,1,1,b12,tp,send_keys_and_enter,
98,a12,a11,2,2,b12,tp,wait_until_element_presence,
99,a12,a11,3,3,b12,tp,send_keys_and_enter,
100,a12,a11,4,4,b12,tp,wait_until_element_presence,
101,a12,a11,5,5,b12,tp,SYS,
102,a12,a11,6,6,b12,tp,wait_until_element_presence,
103,a12,a13,0,0,b12,tp,click,
104,a12,a13,1,1,b12,tp,send_keys_and_enter,
105,a12,a13,2,2,b12,tp,wait_until_element_presence,
106,a12,a13,3,3,b12,tp,send_keys_and_enter,
107,a12,a13,4,4,b12,tp,wait_until_element_presence,
108,a12,a13,5,5,b12,tp,SYS,
109,a12,a13,6,6,b12,tp,wait_until_element_presence,
110,a12,a14,0,1,b12,tp,click,
111,a12,a14,1,2,b12,tp,send_keys_and_enter,
112,a12,a14,2,3,b12,tp,wait_until_element_presence,
113,a12,a14,3,4,b12,tp,send_keys_and_enter,
114,a12,a14,4,5,b12,tp,wait_until_element_presence,
115,a12,a14,5,6,b12,tp,SYS,
116,a12,a14,6,7,b12,tp,wait_until_element_presence,
117,a12,a15,0,1,b12,tp,click,
118,a12,a15,1,2,b12,tp,send_keys_and_enter,
119,a12,a15,2,3,b12,tp,wait_until_element_presence,
120,a12,a15,3,4,b12,tp,send_keys_and_enter,
121,a12,a15,4,5,b12,tp,wait_until_element_presence,
122,a12,a15,5,6,b12,tp,SYS,
123,a12,a15,6,7,b12,tp,wait_until_element_presence,
124,a13,a11,0,0,b12,tp,click,
125,a13,a11,1,1,b12,tp,send_keys_and_enter,
126,a13,a11,2,2,b12,tp,wait_until_element_presence,
127,a13,a11,3,3,b12,tp,send_keys_and_enter,
128,a13,a11,4,4,b12,tp,wait_until_element_presence,
129,a13,a11,5,5,b12,tp,SYS,
130,a13,a11,6,6,b12,tp,wait_until_element_presence,
131,a13,a12,0,0,b12,tp,click,
132,a13,a12,1,1,b12,tp,send_keys_and_enter,
133,a13,a12,2,2,b12,tp,wait_until_element_presence,
134,a13,a12,3,3,b12,tp,send_keys_and_enter,
135,a13,a12,4,4,b12,tp,wait_until_element_presence,
136,a13,a12,5,5,b12,tp,SYS,
137,a13,a12,6,6,b12,tp,wait_until_element_presence,
138,a13,a14,0,1,b12,tp,click,
139,a13,a14,1,2,b12,tp,send_keys_and_enter,
140,a13,a14,2,3,b12,tp,wait_until_element_presence,
141,a13,a14,3,4,b12,tp,send_keys_and_enter,
142,a13,a14,4,5,b12,tp,wait_until_element_presence,
143,a13,a14,5,6,b12,tp,SYS,
144,a13,a14,6,7,b12,tp,wait_until_element_presence,
145,a13,a15,0,1,b12,tp,click,
146,a13,a15,1,2,b12,tp,send_keys_and_enter,
147,a13,a15,2,3,b12,tp,wait_until_element_presence,
148,a13,a15,3,4,b12,tp,send_keys_and_enter,
149,a13,a15,4,5,b12,tp,wait_until_element_presence,
150,a13,a15,5,6,b12,tp,SYS,
151,a13,a15,6,7,b12,tp,wait_until_element_presence,
152,a14,a11,0,-1,b12,tp,,
153,a14,a11,1,0,b12,tp,click,
154,a14,a11,2,1,b12,tp,send_keys_and_enter,
155,a14,a11,3,2,b12,tp,wait_until_element_presence,
156,a14,a11,4,3,b12,tp,send_keys_and_enter,
157,a14,a11,5,4,b12,tp,wait_until_element_presence,
158,a14,a11,6,5,b12,tp,SYS,
159,a14,a11,7,6,b12,tp,wait_until_element_presence,
160,a14,a12,0,-1,b12,tp,,
161,a14,a12,1,0,b12,tp,click,
162,a14,a12,2,1,b12,tp,send_keys_and_enter,
163,a14,a12,3,2,b12,tp,wait_until_element_presence,
164,a14,a12,4,3,b12,tp,send_keys_and_enter,
165,a14,a12,5,4,b12,tp,wait_until_element_presence,
166,a14,a12,6,5,b12,tp,SYS,
167,a14,a12,7,6,b12,tp,wait_until_element_presence,
168,a14,a13,0,-1,b12,tp,,
169,a14,a13,1,0,b12,tp,click,
170,a14,a13,2,1,b12,tp,send_keys_and_enter,
171,a14,a13,3,2,b12,tp,wait_until_element_presence,
172,a14,a13,4,3,b12,tp,send_keys_and_enter,
173,a14,a13,5,4,b12,tp,wait_until_element_presence,
174,a14,a13,6,5,b12,tp,SYS,
175,a14,a13,7,6,b12,tp,wait_until_element_presence,
176,a14,a15,0,0,b12,tp,click,
177,a14,a15,1,1,b12,tp,click,
178,a14,a15,2,2,b12,tp,send_keys_and_enter,
179,a14,a15,3,3,b12,tp,wait_until_element_presence,
180,a14,a15,4,4,b12,tp,send_keys_and_enter,
181,a14,a15,5,5,b12,tp,wait_until_element_presence,
182,a14,a15,6,6,b12,tp,SYS,
183,a14,a15,7,7,b12,tp,wait_until_element_presence,
184,a15,a11,0,-1,b12,tp,,
185,a15,a11,1,0,b12,tp,click,
186,a15,a11,2,1,b12,tp,send_keys_and_enter,
187,a15,a11,3,2,b12,tp,wait_until_element_presence,
188,a15,a11,4,3,b12,tp,send_keys_and_enter,
189,a15,a11,5,4,b12,tp,wait_until_element_presence,
190,a15,a11,6,5,b12,tp,SYS,
191,a15,a11,7,6,b12,tp,wait_until_element_presence,
192,a15,a12,0,-1,b12,tp,,
193,a15,a12,1,0,b12,tp,click,
194,a15,a12,2,1,b12,tp,send_keys_and_enter,
195,a15,a12,3,2,b12,tp,wait_until_element_presence,
196,a15,a12,4,3,b12,tp,send_keys_and_enter,
197,a15,a12,5,4,b12,tp,wait_until_element_presence,
198,a15,a12,6,5,b12,tp,SYS,
199,a15,a12,7,6,b12,tp,wait_until_element_presence,
200,a15,a13,0,-1,b12,tp,,
201,a15,a13,1,0,b12,tp,click,
202,a15,a13,2,1,b12,tp,send_keys_and_enter,
203,a15,a13,3,2,b12,tp,wait_until_element_presence,
204,a15,a13,4,3,b12,tp,send_keys_and_enter,
205,a15,a13,5,4,b12,tp,wait_until_element_presence,
206,a15,a13,6,5,b12,tp,SYS,
207,a15,a13,7,6,b12,tp,wait_until_element_presence,
208,a15,a14,0,0,b12,tp,click,
209,a15,a14,1,1,b12,tp,click,
210,a15,a14,2,2,b12,tp,send_keys_and_enter,
211,a15,a14,3,3,b12,tp,wait_until_element_presence,
212,a15,a14,4,4,b12,tp,send_keys_and_enter,
213,a15,a14,5,5,b12,tp,wait_until_element_presence,
214,a15,a14,6,6,b12,tp,SYS,
215,a15,a14,7,7,b12,tp,wait_until_element_presence,
216,a21,a22,0,0,b21,tp,click,
217,a21,a22,1,1,b21,tp,send_keys_and_hide_keyboard,
218,a21,a22,2,2,b21,tp,click,
219,a21,a22,3,3,b21,tp,wait_until_element_presence,
220,a21,a23,0,1,b21,fp,click,
221,a21,a23,1,2,b21,fp,send_keys_and_hide_keyboard,
222,a21,a23,2,3,b21,fn,,
223,a21,a23,3,4,b21,fp,wait_until_element_presence,
224,a21,a24,0,-1,b21,fp,click,
225,a21,a24,1,0,b21,tp,send_keys_and_hide_keyboard,
226,a21,a24,2,1,b21,tp,click,
227,a21,a24,3,2,b21,tp,wait_until_element_presence,
228,a21,a25,0,0,b21,tp,click,
229,a21,a25,1,1,b21,tp,send_keys_and_hide_keyboard,
230,a21,a25,2,2,b21,tp,click,
231,a21,a25,3,3,b21,tp,wait_until_element_presence,
232,a22,a21,0,0,b21,tp,click,
233,a22,a21,1,1,b21,tp,send_keys_and_hide_keyboard,
234,a22,a21,2,2,b21,tp,click,
235,a22,a21,3,3,b21,tp,wait_until_element_presence,
236,a22,a23,0,1,b21,fp,click,
237,a22,a23,1,2,b21,fp,send_keys_and_hide_keyboard,
238,a22,a23,2,3,b21,fp,click,
239,a22,a23,3,4,b21,fp,wait_until_element_presence,
240,a22,a24,0,-1,b21,fp,click,
241,a22,a24,1,0,b21,tp,send_keys_and_hide_keyboard,
242,a22,a24,2,1,b21,tp,click,
243,a22,a24,3,2,b21,tp,wait_until_element_presence,
244,a22,a25,0,0,b21,tp,click,
245,a22,a25,1,1,b21,tp,send_keys_and_hide_keyboard,
246,a22,a25,2,2,b21,tp,click,
247,a22,a25,3,3,b21,tp,wait_until_element_presence,
248,a23,a21,0,-1,b21,tp,,
249,a23,a21,1,0,b21,tp,click,
250,a23,a21,2,1,b21,tp,send_keys_and_hide_keyboard,
251,a23,a21,3,2,b21,tp,click,
252,a23,a21,4,3,b21,tp,wait_until_element_presence,
253,a23,a22,0,-1,b21,tp,,
254,a23,a22,1,0,b21,tp,click,
255,a23,a22,2,1,b21,tp,send_keys_and_hide_keyboard,
256,a23,a22,3,2,b21,tp,click,
257,a23,a22,4,3,b21,tp,wait_until_element_presence,
258,a23,a24,0,-1,b21,tp,,
259,a23,a24,1,-1,b21,fp,click,
260,a23,a24,2,0,b21,tp,send_keys_and_hide_keyboard,
261,a23,a24,3,1,b21,tp,click,
262,a23,a24,4,2,b21,tp,wait_until_element_presence,
263,a23,a25,0,-1,b21,tp,,
264,a23,a25,1,0,b21,tp,click,
265,a23,a25,2,1,b21,tp,send_keys_and_hide_keyboard,
266,a23,a25,3,2,b21,tp,click,
267,a23,a25,4,3,b21,tp,wait_until_element_presence,
268,a24,a21,0,1,b21,tp,send_keys_and_hide_keyboard,
269,a24,a21,1,2,b21,tp,click,
270,a24,a21,2,3,b21,tp,wait_until_element_presence,
271,a24,a22,0,1,b21,tp,send_keys_and_hide_keyboard,
272,a24,a22,1,2,b21,tp,click,
273,a24,a22,2,3,b21,tp,wait_until_element_presence,
274,a24,a23,0,2,b21,fp,send_keys_and_hide_keyboard,
275,a24,a23,1,3,b21,fn,,
276,a24,a23,2,4,b21,fp,wait_until_element_presence,
277,a24,a25,0,1,b21,fn,,
278,a24,a25,1,2,b21,fp,click,
279,a24,a25,2,3,b21,fp,wait_until_element_presence,
280,a25,a21,0,0,b21,tp,click,
281,a25,a21,1,1,b21,tp,send_keys_and_hide_keyboard,
282,a25,a21,2,2,b21,tp,click,
283,a25,a21,3,3,b21,tp,wait_until_element_presence,
284,a25,a22,0,0,b21,tp,click,
285,a25,a22,1,1,b21,tp,send_keys_and_hide_keyboard,
286,a25,a22,2,2,b21,tp,click,
287,a25,a22,3,3,b21,tp,wait_until_element_presence,
288,a25,a23,0,1,b21,fp,click,
289,a25,a23,1,2,b21,fp,send_keys_and_hide_keyboard,
290,a25,a23,2,3,b21,fn,,
291,a25,a23,3,4,b21,fp,wait_until_element_presence,
292,a25,a24,0,-1,b21,fp,click,
293,a25,a24,1,0,b21,tp,send_keys_and_hide_keyboard,
294,a25,a24,2,1,b21,tp,click,
295,a25,a24,3,2,b21,tp,wait_until_element_presence,
296,a21,a22,0,0,b22,tp,click,
297,a21,a22,1,1,b22,tp,send_keys_and_hide_keyboard,
298,a21,a22,2,2,b22,tp,click,
299,a21,a22,3,3,b22,tp,wait_until_text_presence,
300,a21,a22,4,4,b22,tp,swipe_right,
301,a21,a22,5,6,b22,tp,click,
302,a21,a23,0,1,b22,fp,click,
303,a21,a23,1,2,b22,fp,send_keys_and_hide_keyboard,
304,a21,a23,2,3,b22,fn,,
305,a21,a23,3,4,b22,fp,wait_until_text_presence,
306,a21,a23,4,5,b22,fp,long_press,
307,a21,a23,5,7,b22,fp,wait_until_text_invisible,
308,a21,a24,0,-1,b22,fp,click,
309,a21,a24,1,0,b22,tp,send_keys_and_hide_keyboard,
310,a21,a24,2,1,b22,tp,click,
311,a21,a24,3,2,b22,tp,wait_until_text_presence,
312,a21,a24,4,3,b22,tp,long_press,
313,a21,a24,5,6,b22,fp,wait_until_text_invisible,
314,a21,a25,0,0,b22,tp,click,
315,a21,a25,1,1,b22,tp,wait_until_text_invisible,
316,a21,a25,2,2,b22,fp,click,
317,a21,a25,3,3,b22,tp,wait_until_text_presence,
318,a21,a25,4,4,b22,tp,swipe_right,
319,a21,a25,5,5,b22,tp,wait_until_text_invisible,
320,a22,a21,0,0,b22,tp,click,
321,a22,a21,1,1,b22,tp,send_keys_and_hide_keyboard,
322,a22,a21,2,2,b22,tp,click,
323,a22,a21,3,3,b22,tp,wait_until_text_presence,
324,a22,a21,4,4,b22,tp,swipe_right,
325,a22,a21,5,-1,b22,tp,,
326,a22,a21,6,5,b22,tp,wait_until_text_invisible,
327,a22,a23,0,1,b22,fp,click,
328,a22,a23,1,2,b22,fp,send_keys_and_hide_keyboard,
329,a22,a23,2,3,b22,fp,click,
330,a22,a23,3,4,b22,fp,wait_until_text_presence,
331,a22,a23,4,5,b22,fp,long_press,
332,a22,a23,5,6,b22,fn,,
333,a22,a23,6,7,b22,fp,wait_until_text_invisible,
334,a22,a24,0,-1,b22,fp,click,
335,a22,a24,1,0,b22,tp,send_keys_and_hide_keyboard,
336,a22,a24,2,1,b22,tp,click,
337,a22,a24,3,2,b22,tp,wait_until_text_presence,
338,a22,a24,4,3,b22,tp,long_press,
339,a22,a24,5,4,b22,tp,click,
340,a22,a24,6,6,b22,tp,wait_until_text_invisible,
341,a22,a25,0,0,b22,tp,click,
342,a22,a25,1,1,b22,tp,wait_until_text_invisible,
343,a22,a25,2,2,b22,tp,click,
344,a22,a25,3,3,b22,tp,wait_until_text_presence,
345,a22,a25,4,4,b22,tp,swipe_right,
346,a22,a25,5,-1,b22,fp,wait_until_text_invisible,
347,a22,a25,6,5,b22,fp,wait_until_text_invisible,
348,a23,a21,0,-1,b22,tp,,
349,a23,a21,1,0,b22,tp,click,
350,a23,a21,2,1,b22,tp,send_keys_and_hide_keyboard,
351,a23,a21,3,2,b22,tp,click,
352,a23,a21,4,3,b22,tp,wait_until_text_presence,
353,a23,a21,5,4,b22,tp,swipe_right,
354,a23,a21,6,-1,b22,tp,,
355,a23,a21,7,5,b22,tp,wait_until_text_invisible,
356,a23,a22,0,-1,b22,tp,,
357,a23,a22,1,0,b22,tp,click,
358,a23,a22,2,1,b22,tp,send_keys_and_hide_keyboard,
359,a23,a22,3,2,b22,tp,click,
360,a23,a22,4,3,b22,tp,wait_until_text_presence,
361,a23,a22,5,4,b22,tp,swipe_right,
362,a23,a22,6,5,b22,fn,,
363,a23,a22,7,6,b22,tp,wait_until_text_invisible,
364,a23,a24,0,-1,b22,tp,,
365,a23,a24,1,-1,b22,fp,click,
366,a23,a24,2,0,b22,tp,send_keys_and_hide_keyboard,
367,a23,a24,3,1,b22,tp,click,
368,a23,a24,4,2,b22,tp,wait_until_text_presence,
369,a23,a24,5,3,b22,tp,long_press,
370,a23,a24,6,4,b22,tp,click,
371,a23,a24,7,6,b22,tp,wait_until_text_invisible,
372,a23,a25,0,-1,b22,tp,,
373,a23,a25,1,0,b22,tp,click,
374,a23,a25,2,1,b22,tp,send_keys_and_hide_keyboard,
375,a23,a25,3,2,b22,tp,click,
376,a23,a25,4,3,b22,tp,wait_until_text_presence,
377,a23,a25,5,4,b22,tp,swipe_right,
378,a23,a25,6,-1,b22,fp,wait_until_text_invisible,
379,a23,a25,7,5,b22,fp,wait_until_text_invisible,
380,a24,a21,0,1,b22,tp,send_keys_and_hide_keyboard,
381,a24,a21,1,2,b22,tp,click,
382,a24,a21,2,3,b22,tp,wait_until_text_presence,
383,a24,a21,3,4,b22,tp,swipe_right,
384,a24,a21,4,-1,b22,tp,,
385,a24,a21,5,-1,b22,tp,,
386,a24,a21,6,5,b22,tp,wait_until_text_invisible,
387,a24,a22,0,1,b22,tp,send_keys_and_hide_keyboard,
388,a24,a22,1,2,b22,tp,click,
389,a24,a22,2,3,b22,tp,wait_until_text_presence,
390,a24,a22,3,4,b22,tp,swipe_right,
391,a24,a22,4,5,b22,fn,,
392,a24,a22,5,-1,b22,tp,,
393,a24,a22,6,6,b22,tp,wait_until_text_invisible,
394,a24,a23,0,2,b22,fp,send_keys_and_hide_keyboard,
395,a24,a23,1,3,b22,fn,,
396,a24,a23,2,4,b22,fp,wait_until_text_presence,
397,a24,a23,3,5,b22,fp,long_press,
398,a24,a23,4,6,b22,fn,,
399,a24,a23,5,-1,b22,tp,,
400,a24,a23,6,7,b22,fp,wait_until_text_invisible,
401,a24,a25,0,1,b22,fn,,
402,a24,a25,1,2,b22,tp,click,
403,a24,a25,2,3,b22,fp,wait_until_text_presence,
404,a24,a25,3,4,b22,fp,swipe_right,
405,a24,a25,4,-1,b22,fp,wait_until_text_invisible,
406,a24,a25,5,-1,b22,fp,wait_until_text_invisible,
407,a24,a25,6,5,b22,tp,wait_until_text_invisible,
408,a25,a21,0,0,b22,tp,click,
409,a25,a21,1,1,b22,tp,send_keys_and_hide_keyboard,
410,a25,a21,2,2,b22,tp,click,
411,a25,a21,3,3,b22,tp,wait_until_text_presence,
412,a25,a21,4,4,b22,tp,swipe_right,
413,a25,a21,5,5,b22,tp,wait_until_text_invisible,
414,a25,a22,0,0,b22,tp,click,
415,a25,a22,1,1,b22,tp,send_keys_and_hide_keyboard,
416,a25,a22,2,2,b22,tp,click,
417,a25,a22,3,3,b22,tp,wait_until_text_presence,
418,a25,a22,4,4,b22,tp,swipe_right,
419,a25,a22,5,6,b22,tp,wait_until_text_invisible,
420,a25,a23,0,1,b22,fp,click,
421,a25,a23,1,2,b22,fp,send_keys_and_hide_keyboard,
422,a25,a23,2,3,b22,fn,,
423,a25,a23,3,4,b22,fp,wait_until_text_presence,
424,a25,a23,4,5,b22,fp,long_press,
425,a25,a23,5,7,b22,fp,wait_until_text_invisible,
426,a25,a24,0,-1,b22,fp,click,
427,a25,a24,1,0,b22,tp,send_keys_and_hide_keyboard,
428,a25,a24,2,1,b22,tp,click,
429,a25,a24,3,2,b22,tp,wait_until_text_presence,
430,a25,a24,4,3,b22,tp,long_press,
431,a25,a24,5,6,b22,fp,wait_until_text_invisible,
432,a31,a32,0,0,b31,tp,wait_until_element_presence,
433,a31,a32,1,1,b31,tp,click,
434,a31,a32,2,2,b31,tp,wait_until_element_presence,
435,a31,a32,3,3,b31,tp,send_keys,
436,a31,a32,4,-1,b31,fp,click,
437,a31,a32,5,4,b31,tp,send_keys,
438,a31,a32,6,5,b31,tp,send_keys,
439,a31,a32,7,6,b31,tp,send_keys_and_hide_keyboard,
440,a31,a32,8,7,b31,tp,click,
441,a31,a34,0,-1,b31,fp,click,
442,a31,a34,1,2,b31,fp,click,
443,a31,a34,2,3,b31,tp,wait_until_element_presence,
444,a31,a34,3,4,b31,tp,send_keys,
445,a31,a34,4,-1,b31,fp,send_keys,
446,a31,a34,5,5,b31,tp,send_keys,
447,a31,a34,6,7,b31,tp,send_keys,
448,a31,a34,7,8,b31,tp,send_keys_and_hide_keyboard,
449,a31,a34,8,9,b31,tp,click,
450,a31,a35,0,4,b31,fp,wait_until_element_presence,
451,a31,a35,1,5,b31,fp,click,
452,a31,a35,2,6,b31,tp,wait_until_element_presence,
453,a31,a35,3,7,b31,tp,send_keys,
454,a31,a35,4,-1,b31,tp,,
455,a31,a35,5,8,b31,tp,send_keys,
456,a31,a35,6,10,b31,fp,send_keys,
457,a31,a35,7,11,b31,fp,send_keys_and_hide_keyboard,
458,a31,a35,8,13,b31,fp,click,diff-delete
459,a32,a31,0,0,b31,tp,wait_until_element_presence,
460,a32,a31,1,1,b31,tp,click,
461,a32,a31,2,2,b31,tp,wait_until_element_presence,
462,a32,a31,3,3,b31,tp,send_keys,
463,a32,a31,4,5,b31,tp,clear_and_send_keys,
464,a32,a31,5,6,b31,tp,send_keys,
465,a32,a31,6,7,b31,tp,send_keys,
466,a32,a31,7,8,b31,tp,send_keys_and_hide_keyboard,
467,a32,a34,0,-1,b31,fp,click,
468,a32,a34,1,2,b31,fp,click,
469,a32,a34,2,3,b31,tp,wait_until_element_presence,
470,a32,a34,3,4,b31,tp,send_keys,
471,a32,a34,4,5,b31,tp,send_keys,
472,a32,a34,5,7,b31,tp,send_keys,
473,a32,a34,6,8,b31,tp,send_keys_and_hide_keyboard,
474,a32,a34,7,9,b31,tp,click,
475,a32,a35,0,4,b31,fp,wait_until_element_presence,
476,a32,a35,1,5,b31,fp,click,
477,a32,a35,2,6,b31,tp,wait_until_element_presence,
478,a32,a35,3,7,b31,tp,send_keys,
479,a32,a35,4,8,b31,tp,send_keys,
480,a32,a35,5,10,b31,fp,send_keys,
481,a32,a35,6,11,b31,fp,send_keys_and_hide_keyboard,
482,a32,a35,7,13,b31,fp,click,
483,a34,a31,0,-1,b31,tp,,
484,a34,a31,1,-1,b31,tp,,
485,a34,a31,2,1,b31,tp,click,
486,a34,a31,3,2,b31,tp,wait_until_element_presence,
487,a34,a31,4,3,b31,tp,send_keys,
488,a34,a31,5,5,b31,tp,clear_and_send_keys,
489,a34,a31,6,-1,b31,fp,send_keys,
490,a34,a31,7,6,b31,tp,send_keys,
491,a34,a31,8,7,b31,tp,send_keys_and_hide_keyboard,
492,a34,a31,9,8,b31,tp,click,
493,a34,a32,0,-1,b31,tp,,
494,a34,a32,1,-1,b31,tp,,
495,a34,a32,2,1,b31,tp,click,
496,a34,a32,3,2,b31,tp,wait_until_element_presence,
497,a34,a32,4,3,b31,tp,send_keys,
498,a34,a32,5,4,b31,tp,send_keys,
499,a34,a32,6,-1,b31,fp,click,
500,a34,a32,7,5,b31,tp,send_keys,
501,a34,a32,8,6,b31,tp,send_keys_and_hide_keyboard,
502,a34,a32,9,7,b31,tp,click,
503,a34,a35,0,-1,b31,tp,,
504,a34,a35,1,-1,b31,tp,,
505,a34,a35,2,5,b31,fp,click,
506,a34,a35,3,6,b31,tp,wait_until_element_presence,
507,a34,a35,4,7,b31,tp,send_keys,
508,a34,a35,5,8,b31,tp,send_keys,
509,a34,a35,6,-1,b31,tp,,
510,a34,a35,7,10,b31,fp,send_keys,
511,a34,a35,8,11,b31,fp,send_keys_and_hide_keyboard,
512,a34,a35,9,13,b31,fp,click,
513,a35,a31,0,-1,b31,tp,,
514,a35,a31,1,-1,b31,tp,,
515,a35,a31,2,-1,b31,tp,,
516,a35,a31,3,-1,b31,tp,,
517,a35,a31,4,0,b31,tp,wait_until_element_presence,
518,a35,a31,5,1,b31,tp,click,
519,a35,a31,6,2,b31,tp,wait_until_element_presence,
520,a35,a31,7,3,b31,tp,send_keys,
521,a35,a31,8,5,b31,tp,send_keys,
522,a35,a31,9,-1,b31,tp,,
523,a35,a31,10,6,b31,tp,send_keys,
524,a35,a31,11,7,b31,tp,send_keys_and_hide_keyboard,
525,a35,a31,12,-1,b31,tp,,
526,a35,a31,13,8,b31,tp,click,
527,a35,a32,0,-1,b31,tp,,
528,a35,a32,1,-1,b31,tp,,
529,a35,a32,2,-1,b31,tp,,
530,a35,a32,3,-1,b31,tp,,
531,a35,a32,4,0,b31,tp,wait_until_element_presence,
532,a35,a32,5,1,b31,tp,click,
533,a35,a32,6,2,b31,tp,wait_until_element_presence,
534,a35,a32,7,3,b31,tp,send_keys,
535,a35,a32,8,4,b31,fp,send_keys,
536,a35,a32,9,-1,b31,tp,,
537,a35,a32,10,5,b31,tp,send_keys,
538,a35,a32,11,6,b31,tp,send_keys_and_hide_keyboard,
539,a35,a32,12,-1,b31,tp,,
540,a35,a32,13,7,b31,fp,click,
541,a35,a34,0,-1,b31,tp,,
542,a35,a34,1,-1,b31,tp,,
543,a35,a34,2,0,b31,fn,,
544,a35,a34,3,1,b31,fn,,
545,a35,a34,4,-1,b31,tp,,
546,a35,a34,5,2,b31,fn,,
547,a35,a34,6,3,b31,fn,,
548,a35,a34,7,4,b31,fn,,
549,a35,a34,8,5,b31,fn,,
550,a35,a34,9,-1,b31,tp,,
551,a35,a34,10,7,b31,fn,,
552,a35,a34,11,8,b31,fn,,
553,a35,a34,12,-1,b31,tp,,
554,a35,a34,13,9,b31,fn,,
555,a31,a32,0,-1,b32,fp,click,
556,a31,a32,1,-1,b32,fp,click,
557,a31,a32,2,0,b32,tp,send_keys_and_hide_keyboard,
558,a31,a32,3,1,b32,tp,wait_until_element_presence,
559,a31,a32,4,2,b32,tp,send_keys,
560,a31,a32,5,3,b32,tp,click,
561,a31,a34,0,2,b32,fn,,
562,a31,a34,1,3,b32,fn,,
563,a31,a34,2,4,b32,tp,wait_until_element_presence,
564,a31,a34,3,5,b32,tp,send_keys,
565,a31,a34,4,6,b32,tp,send_keys_and_hide_keyboard,
566,a31,a34,5,7,b32,tp,click,
567,a31,a35,0,2,b32,fn,,
568,a31,a35,1,3,b32,fn,,
569,a31,a35,2,4,b32,tp,wait_until_element_presence,
570,a31,a35,3,5,b32,tp,send_keys,
571,a31,a35,4,6,b32,tp,send_keys_and_hide_keyboard,
572,a31,a35,5,7,b32,fp,click,
573,a31,a35,6,-1,b32,fp,click,
574,a31,a35,7,-1,b32,fp,click,
575,a31,a35,8,8,b32,fp,wait_until_text_presence,
576,a32,a31,0,2,b32,fp,wait_until_element_presence,
577,a32,a31,1,3,b32,fp,send_keys,
578,a32,a31,2,4,b32,fp,send_keys_and_hide_keyboard,
579,a32,a31,3,5,b32,fp,click,
580,a34,a31,0,-1,b32,tp,,
581,a34,a31,1,-1,b32,tp,,
582,a34,a31,2,0,b32,tp,wait_until_element_presence,
583,a34,a31,3,1,b32,tp,click,
584,a34,a31,4,2,b32,tp,wait_until_element_presence,
585,a34,a31,5,3,b32,tp,send_keys,
586,a34,a31,6,4,b32,tp,send_keys_and_hide_keyboard,
587,a34,a31,7,5,b32,tp,click,
588,a34,a32,0,-1,b32,tp,,
589,a34,a32,1,-1,b32,tp,,
590,a34,a32,2,-1,b32,fp,click,
591,a34,a32,3,-1,b32,fp,click,
592,a34,a32,4,0,b32,tp,click,
593,a34,a32,5,1,b32,tp,send_keys_and_hide_keyboard,
594,a34,a32,6,2,b32,tp,wait_until_element_presence,
595,a34,a32,7,3,b32,tp,send_keys,
596,a34,a35,0,0,b32,fn,,
597,a34,a35,1,1,b32,fn,,
598,a34,a35,2,2,b32,fn,,
599,a34,a35,3,3,b32,fn,,
600,a34,a35,4,4,b32,fn,,
601,a34,a35,5,5,b32,fn,,
602,a34,a35,6,6,b32,fn,,
603,a34,a35,7,7,b32,fn,,
604,a35,a31,0,-1,b32,tp,,
605,a35,a31,1,-1,b32,tp,,
606,a35,a31,2,0,b32,tp,wait_until_element_presence,
607,a35,a31,3,1,b32,tp,click,
608,a35,a31,4,2,b32,tp,wait_until_element_presence,
609,a35,a31,5,3,b32,tp,send_keys,
610,a35,a31,6,4,b32,tp,send_keys_and_hide_keyboard,
611,a35,a31,7,5,b32,tp,click,
612,a35,a31,8,8,b32,fp,wait_until_text_presence,
613,a35,a32,0,-1,b32,tp,,
614,a35,a32,1,-1,b32,tp,,
615,a35,a32,2,-1,b32,fp,click,
616,a35,a32,3,-1,b32,fp,click,
617,a35,a32,4,0,b32,tp,click,
618,a35,a32,5,1,b32,tp,send_keys_and_hide_keyboard,
619,a35,a32,6,2,b32,tp,wait_until_element_presence,
620,a35,a32,7,3,b32,tp,send_keys,
621,a35,a34,0,0,b32,fn,,
622,a35,a34,1,1,b32,fn,,
623,a35,a34,2,2,b32,fn,,
624,a35,a34,3,3,b32,fn,,
625,a35,a34,4,4,b32,fn,,
626,a35,a34,5,5,b32,fn,,
627,a35,a34,6,6,b32,fn,,
628,a35,a34,7,7,b32,fn,,
629,a41,a42,0,0,b41,tp,wait_until_text_presence,
630,a41,a42,1,1,b41,tp,click,
631,a41,a42,2,2,b41,tp,wait_until_element_presence,
632,a41,a42,3,3,b41,tp,send_keys_and_enter,
633,a41,a42,4,4,b41,tp,wait_until_text_presence,
634,a41,a44,0,0,b41,tp,wait_until_text_presence,
635,a41,a44,1,1,b41,tp,click,
636,a41,a44,2,2,b41,tp,wait_until_element_presence,
637,a41,a44,3,3,b41,tp,send_keys_and_enter,
638,a41,a44,4,4,b41,tp,wait_until_text_presence,
639,a41,a45,0,0,b41,tp,wait_until_text_presence,
640,a41,a45,1,1,b41,tp,click,
641,a41,a45,2,2,b41,tp,wait_until_element_presence,
642,a41,a45,3,3,b41,tp,send_keys_and_enter,
643,a41,a45,4,4,b41,tp,wait_until_text_presence,
644,a42,a41,0,0,b41,tp,wait_until_text_presence,
645,a42,a41,1,1,b41,tp,click,
646,a42,a41,2,2,b41,tp,wait_until_element_presence,
647,a42,a41,3,3,b41,tp,send_keys_and_enter,
648,a42,a41,4,4,b41,tp,wait_until_text_presence,
649,a42,a44,0,0,b41,tp,wait_until_text_presence,
650,a42,a44,1,1,b41,tp,click,
651,a42,a44,2,2,b41,tp,wait_until_element_presence,
652,a42,a44,3,3,b41,tp,send_keys_and_enter,
653,a42,a44,4,4,b41,tp,wait_until_text_presence,
654,a42,a45,0,0,b41,tp,wait_until_text_presence,
655,a42,a45,1,1,b41,tp,click,
656,a42,a45,2,2,b41,tp,wait_until_element_presence,
657,a42,a45,3,3,b41,tp,send_keys_and_enter,
658,a42,a45,4,4,b41,tp,wait_until_text_presence,
659,a44,a41,0,0,b41,tp,wait_until_text_presence,
660,a44,a41,1,1,b41,tp,click,
661,a44,a41,2,2,b41,tp,wait_until_element_presence,
662,a44,a41,3,3,b41,tp,send_keys_and_enter,
663,a44,a41,4,4,b41,tp,wait_until_text_presence,
664,a44,a42,0,0,b41,tp,wait_until_text_presence,
665,a44,a42,1,1,b41,tp,click,
666,a44,a42,2,2,b41,tp,wait_until_element_presence,
667,a44,a42,3,3,b41,tp,send_keys_and_enter,
668,a44,a42,4,4,b41,tp,wait_until_text_presence,
669,a44,a45,0,0,b41,tp,wait_until_text_presence,
670,a44,a45,1,1,b41,tp,click,
671,a44,a45,2,2,b41,tp,wait_until_element_presence,
672,a44,a45,3,3,b41,tp,send_keys_and_enter,
673,a44,a45,4,4,b41,tp,wait_until_text_presence,
674,a45,a41,0,0,b41,tp,wait_until_text_presence,
675,a45,a41,1,1,b41,tp,click,
676,a45,a41,2,2,b41,tp,wait_until_element_presence,
677,a45,a41,3,3,b41,tp,send_keys_and_enter,
678,a45,a41,4,4,b41,tp,wait_until_text_presence,
679,a45,a42,0,0,b41,tp,wait_until_text_presence,
680,a45,a42,1,1,b41,tp,click,
681,a45,a42,2,2,b41,tp,wait_until_element_presence,
682,a45,a42,3,3,b41,tp,send_keys_and_enter,
683,a45,a42,4,4,b41,tp,wait_until_text_presence,
684,a45,a44,0,0,b41,tp,wait_until_text_presence,
685,a45,a44,1,1,b41,tp,click,
686,a45,a44,2,2,b41,tp,wait_until_element_presence,
687,a45,a44,3,3,b41,tp,send_keys_and_enter,
688,a45,a44,4,4,b41,tp,wait_until_text_presence,
689,a41,a42,0,0,b42,tp,wait_until_text_presence,
690,a41,a42,1,1,b42,tp,click,
691,a41,a42,2,2,b42,tp,wait_until_element_presence,
692,a41,a42,3,3,b42,tp,send_keys_and_hide_keyboard,
693,a41,a42,4,4,b42,tp,send_keys,
694,a41,a42,5,5,b42,tp,send_keys,
695,a41,a42,6,6,b42,tp,click,
696,a41,a42,7,7,b42,tp,wait_until_text_presence,
697,a41,a44,0,0,b42,tp,wait_until_text_presence,
698,a41,a44,1,1,b42,tp,click,
699,a41,a44,2,2,b42,fp,wait_until_element_presence,
700,a41,a44,3,3,b42,fp,send_keys_and_hide_keyboard,
701,a41,a44,4,4,b42,fp,send_keys,
702,a41,a44,5,5,b42,tp,send_keys,
703,a41,a44,6,6,b42,tp,click,
704,a41,a44,7,7,b42,fp,wait_until_text_presence,
705,a41,a45,0,0,b42,tp,wait_until_text_presence,
706,a41,a45,1,1,b42,tp,click,
707,a41,a45,2,2,b42,fp,wait_until_element_presence,
708,a41,a45,3,3,b42,fp,send_keys_and_hide_keyboard,
709,a41,a45,4,4,b42,tp,send_keys,
710,a41,a45,5,5,b42,tp,send_keys,
711,a41,a45,6,6,b42,tp,click,
712,a41,a45,7,7,b42,tp,wait_until_text_presence,
713,a42,a41,0,0,b42,tp,wait_until_element_presence,
714,a42,a41,1,1,b42,tp,click,
715,a42,a41,2,2,b42,fp,wait_until_element_presence,
716,a42,a41,3,3,b42,fp,send_keys_and_hide_keyboard,
717,a42,a41,4,4,b42,tp,send_keys,
718,a42,a41,5,5,b42,tp,send_keys,
719,a42,a41,6,6,b42,tp,click,
720,a42,a41,7,7,b42,tp,wait_until_text_presence,
721,a42,a44,0,0,b42,tp,wait_until_text_presence,
722,a42,a44,1,1,b42,tp,click,
723,a42,a44,2,2,b42,fp,wait_until_element_presence,
724,a42,a44,3,3,b42,fp,send_keys_and_hide_keyboard,
725,a42,a44,4,4,b42,fp,send_keys,
726,a42,a44,5,5,b42,tp,send_keys,
727,a42,a44,6,6,b42,tp,click,
728,a42,a44,7,7,b42,fp,wait_until_text_presence,
729,a42,a45,0,0,b42,tp,wait_until_text_presence,
730,a42,a45,1,1,b42,tp,click,
731,a42,a45,2,2,b42,tp,wait_until_element_presence,
732,a42,a45,3,3,b42,tp,send_keys_and_hide_keyboard,
733,a42,a45,4,4,b42,tp,send_keys,
734,a42,a45,5,5,b42,tp,send_keys,
735,a42,a45,6,6,b42,tp,click,
736,a42,a45,7,7,b42,tp,wait_until_text_presence,
737,a44,a41,0,0,b42,tp,wait_until_element_presence,
738,a44,a41,1,1,b42,tp,click,
739,a44,a41,2,2,b42,fp,wait_until_element_presence,
740,a44,a41,3,3,b42,fp,send_keys_and_hide_keyboard,
741,a44,a41,4,4,b42,tp,send_keys,
742,a44,a41,5,5,b42,tp,send_keys,
743,a44,a41,6,6,b42,tp,click,
744,a44,a41,7,7,b42,tp,wait_until_text_presence,
745,a44,a42,0,0,b42,tp,wait_until_text_presence,
746,a44,a42,1,1,b42,tp,click,
747,a44,a42,2,2,b42,tp,wait_until_element_presence,
748,a44,a42,3,3,b42,tp,send_keys_and_hide_keyboard,
749,a44,a42,4,4,b42,tp,send_keys,
750,a44,a42,5,5,b42,fp,send_keys,
751,a44,a42,6,6,b42,tp,click,
752,a44,a42,7,7,b42,tp,wait_until_text_presence,
753,a44,a45,0,0,b42,tp,wait_until_text_presence,
754,a44,a45,1,1,b42,tp,click,
755,a44,a45,2,2,b42,tp,wait_until_element_presence,
756,a44,a45,3,3,b42,tp,send_keys_and_hide_keyboard,
757,a44,a45,4,4,b42,tp,send_keys,
758,a44,a45,5,5,b42,tp,send_keys,
759,a44,a45,6,6,b42,tp,click,
760,a44,a45,7,7,b42,tp,wait_until_text_presence,
761,a45,a41,0,0,b42,tp,wait_until_element_presence,
762,a45,a41,1,1,b42,tp,click,
763,a45,a41,2,2,b42,fp,wait_until_element_presence,
764,a45,a41,3,3,b42,fp,send_keys_and_hide_keyboard,
765,a45,a41,4,4,b42,tp,send_keys,
766,a45,a41,5,5,b42,tp,send_keys,
767,a45,a41,6,6,b42,tp,click,
768,a45,a41,7,7,b42,tp,wait_until_text_presence,
769,a45,a42,0,0,b42,tp,wait_until_text_presence,
770,a45,a42,1,1,b42,tp,click,
771,a45,a42,2,2,b42,tp,wait_until_element_presence,
772,a45,a42,3,3,b42,tp,send_keys_and_hide_keyboard,
773,a45,a42,4,4,b42,tp,send_keys,
774,a45,a42,5,5,b42,fp,send_keys,
775,a45,a42,6,6,b42,tp,click,
776,a45,a42,7,7,b42,tp,wait_until_text_presence,
777,a45,a44,0,0,b42,tp,wait_until_text_presence,
778,a45,a44,1,1,b42,tp,click,
779,a45,a44,2,2,b42,tp,wait_until_element_presence,
780,a45,a44,3,3,b42,tp,send_keys_and_hide_keyboard,
781,a45,a44,4,4,b42,tp,send_keys,
782,a45,a44,5,5,b42,tp,send_keys,
783,a45,a44,6,6,b42,tp,click,
784,a45,a44,7,7,b42,fp,wait_until_text_presence,
785,a51,a52,0,0,b51,fp,clear_and_send_keys,
786,a51,a52,1,1,b51,tp,clear_and_send_keys_and_hide_keyboard,
787,a51,a52,2,2,b51,tp,wait_until_text_presence,
788,a51,a53,0,1,b51,tp,clear_and_send_keys,
789,a51,a53,1,2,b51,tp,clear_and_send_keys_and_hide_keyboard,
790,a51,a53,2,4,b51,tp,wait_until_text_presence,
791,a51,a54,0,0,b51,tp,clear_and_send_keys,
792,a51,a54,1,1,b51,tp,clear_and_send_keys_and_hide_keyboard,
793,a51,a54,2,3,b51,tp,wait_until_text_presence,
794,a51,a55,0,0,b51,fn,clear_and_send_keys,
795,a51,a55,1,1,b51,tp,clear_and_send_keys_and_hide_keyboard,
796,a51,a55,2,3,b51,tp,wait_until_text_presence,
797,a52,a51,0,0,b51,fp,clear_and_send_keys,
798,a52,a51,1,1,b51,tp,clear_and_send_keys_and_hide_keyboard,
799,a52,a51,2,2,b51,tp,wait_until_text_presence,
800,a52,a53,0,1,b51,tp,clear_and_send_keys,
801,a52,a53,1,2,b51,tp,clear_and_send_keys_and_hide_keyboard,
802,a52,a53,2,4,b51,tp,wait_until_text_presence,
803,a52,a54,0,0,b51,tp,clear_and_send_keys,
804,a52,a54,1,1,b51,tp,clear_and_send_keys_and_hide_keyboard,
805,a52,a54,2,3,b51,tp,wait_until_text_presence,
806,a52,a55,0,0,b51,fn,clear_and_send_keys,
807,a52,a55,1,1,b51,tp,clear_and_send_keys_and_hide_keyboard,
808,a52,a55,2,3,b51,tp,wait_until_text_presence,
809,a53,a51,0,-1,b51,tp,,
810,a53,a51,1,0,b51,fp,clear_and_send_keys,
811,a53,a51,2,1,b51,tp,clear_and_send_keys_and_hide_keyboard,
812,a53,a51,3,-1,b51,tp,,
813,a53,a51,4,2,b51,tp,wait_until_text_presence,
814,a53,a52,0,-1,b51,tp,,
815,a53,a52,1,0,b51,tp,clear_and_send_keys,
816,a53,a52,2,1,b51,tp,clear_and_send_keys_and_hide_keyboard,
817,a53,a52,3,-1,b51,tp,,
818,a53,a52,4,2,b51,tp,wait_until_text_presence,
819,a53,a54,0,-1,b51,fp,clear_and_send_keys,
820,a53,a54,1,0,b51,tp,clear_and_send_keys,
821,a53,a54,2,1,b51,tp,clear_and_send_keys_and_hide_keyboard,
822,a53,a54,3,2,b51,tp,click,
823,a53,a54,4,3,b51,tp,wait_until_text_presence,
824,a53,a55,0,-1,b51,tp,,
825,a53,a55,1,0,b51,fn,clear_and_send_keys,
826,a53,a55,2,1,b51,tp,clear_and_send_keys_and_hide_keyboard,
827,a53,a55,3,2,b51,tp,click,
828,a53,a55,4,3,b51,tp,wait_until_text_presence,
829,a54,a51,0,0,b51,fp,clear_and_send_keys,
830,a54,a51,1,1,b51,tp,clear_and_send_keys_and_hide_keyboard,
831,a54,a51,2,-1,b51,tp,,
832,a54,a51,3,2,b51,tp,wait_until_text_presence,
833,a54,a52,0,0,b51,fp,clear_and_send_keys,
834,a54,a52,1,1,b51,fp,clear_and_send_keys_and_hide_keyboard,
835,a54,a52,2,-1,b51,tp,,
836,a54,a52,3,2,b51,tp,wait_until_text_presence,
837,a54,a53,0,1,b51,tp,clear_and_send_keys,
838,a54,a53,1,2,b51,tp,clear_and_send_keys_and_hide_keyboard,
839,a54,a53,2,3,b51,tp,click,
840,a54,a53,3,4,b51,tp,wait_until_text_presence,
841,a54,a55,0,0,b51,fn,clear_and_send_keys,
842,a54,a55,1,1,b51,tp,clear_and_send_keys_and_hide_keyboard,
843,a54,a55,2,2,b51,tp,click,
844,a54,a55,3,3,b51,tp,wait_until_text_presence,
845,a55,a51,0,0,b51,fp,clear_and_send_keys,
846,a55,a51,1,1,b51,tp,clear_and_send_keys_and_hide_keyboard,
847,a55,a51,2,-1,b51,tp,,
848,a55,a51,3,2,b51,tp,wait_until_text_presence,
849,a55,a52,0,0,b51,tp,clear_and_send_keys,
850,a55,a52,1,1,b51,tp,clear_and_send_keys_and_hide_keyboard,
851,a55,a52,2,-1,b51,tp,,
852,a55,a52,3,2,b51,tp,wait_until_text_presence,
853,a55,a53,0,1,b51,tp,clear_and_send_keys,
854,a55,a53,1,2,b51,tp,clear_and_send_keys_and_hide_keyboard,
855,a55,a53,2,3,b51,tp,click,
856,a55,a53,3,4,b51,tp,wait_until_text_presence,
857,a55,a54,0,0,b51,tp,clear_and_send_keys,
858,a55,a54,1,1,b51,tp,clear_and_send_keys_and_hide_keyboard,
859,a55,a54,2,2,b51,tp,click,
860,a55,a54,3,3,b51,tp,wait_until_text_presence,
861,a51,a52,0,0,b52,fp,clear_and_send_keys,
862,a51,a52,1,1,b52,tp,clear_and_send_keys_and_hide_keyboard,
863,a51,a52,2,2,b52,tp,clear_and_send_keys_and_hide_keyboard,
864,a51,a52,3,3,b52,tp,wait_until_text_presence,
865,a51,a53,0,1,b52,tp,clear_and_send_keys,
866,a51,a53,1,2,b52,tp,clear_and_send_keys,
867,a51,a53,2,3,b52,tp,clear_and_send_keys_and_hide_keyboard,
868,a51,a53,3,5,b52,tp,wait_until_text_presence,
869,a51,a54,0,0,b52,tp,clear_and_send_keys,
870,a51,a54,1,1,b52,tp,clear_and_send_keys,
871,a51,a54,2,2,b52,tp,clear_and_send_keys_and_hide_keyboard,
872,a51,a54,3,4,b52,tp,wait_until_text_presence,
873,a51,a55,0,0,b52,fn,clear_and_send_keys,
874,a51,a55,1,1,b52,tp,clear_and_send_keys,
875,a51,a55,2,2,b52,tp,clear_and_send_keys_and_hide_keyboard,
876,a51,a55,3,4,b52,tp,wait_until_text_presence,
877,a52,a51,0,0,b52,fp,clear_and_send_keys,
878,a52,a51,1,1,b52,tp,clear_and_send_keys,
879,a52,a51,2,2,b52,tp,clear_and_send_keys_and_hide_keyboard,
880,a52,a51,3,3,b52,tp,wait_until_text_presence,
881,a52,a53,0,1,b52,tp,clear_and_send_keys,
882,a52,a53,1,2,b52,tp,clear_and_send_keys,
883,a52,a53,2,3,b52,tp,clear_and_send_keys_and_hide_keyboard,
884,a52,a53,3,5,b52,tp,wait_until_text_presence,
885,a52,a54,0,0,b52,tp,clear_and_send_keys,
886,a52,a54,1,1,b52,tp,clear_and_send_keys,
887,a52,a54,2,2,b52,tp,clear_and_send_keys_and_hide_keyboard,
888,a52,a54,3,4,b52,tp,wait_until_text_presence,
889,a52,a55,0,0,b52,fn,clear_and_send_keys,
890,a52,a55,1,1,b52,tp,clear_and_send_keys,
891,a52,a55,2,2,b52,fn,clear_and_send_keys_and_hide_keyboard,
892,a52,a55,3,4,b52,tp,wait_until_text_presence,
893,a53,a51,0,-1,b52,tp,,
894,a53,a51,1,0,b52,fp,clear_and_send_keys,
895,a53,a51,2,1,b52,tp,clear_and_send_keys,
896,a53,a51,3,2,b52,tp,clear_and_send_keys_and_hide_keyboard,
897,a53,a51,4,-1,b52,tp,,
898,a53,a51,5,3,b52,tp,wait_until_text_presence,
899,a53,a52,0,-1,b52,tp,,
900,a53,a52,1,0,b52,tp,clear_and_send_keys,
901,a53,a52,2,1,b52,tp,clear_and_send_keys_and_hide_keyboard,
902,a53,a52,3,2,b52,tp,clear_and_send_keys_and_hide_keyboard,
903,a53,a52,4,-1,b52,tp,,
904,a53,a52,5,3,b52,tp,wait_until_text_presence,
905,a53,a54,0,-1,b52,fp,clear_and_send_keys,
906,a53,a54,1,0,b52,tp,clear_and_send_keys,
907,a53,a54,2,1,b52,tp,clear_and_send_keys,
908,a53,a54,3,2,b52,tp,clear_and_send_keys_and_hide_keyboard,
909,a53,a54,4,3,b52,tp,click,
910,a53,a54,5,4,b52,tp,wait_until_text_presence,
911,a53,a55,0,-1,b52,fn,,
912,a53,a55,1,0,b52,fn,clear_and_send_keys,
913,a53,a55,2,1,b52,tp,clear_and_send_keys,
914,a53,a55,3,2,b52,tp,clear_and_send_keys_and_hide_keyboard,
915,a53,a55,4,3,b52,tp,click,
916,a53,a55,5,4,b52,tp,wait_until_text_presence,
917,a54,a51,0,0,b52,fp,clear_and_send_keys,
918,a54,a51,1,1,b52,tp,clear_and_send_keys,
919,a54,a51,2,2,b52,tp,clear_and_send_keys_and_hide_keyboard,
920,a54,a51,3,-1,b52,tp,,
921,a54,a51,4,3,b52,tp,clear_and_send_keys_and_hide_keyboard,
922,a54,a52,0,0,b52,fp,clear_and_send_keys,
923,a54,a52,1,1,b52,fp,clear_and_send_keys_and_hide_keyboard,
924,a54,a52,2,2,b52,tp,clear_and_send_keys_and_hide_keyboard,
925,a54,a52,3,-1,b52,tp,,
926,a54,a52,4,3,b52,tp,wait_until_text_presence,
927,a54,a53,0,1,b52,tp,clear_and_send_keys,
928,a54,a53,1,2,b52,tp,clear_and_send_keys,
929,a54,a53,2,3,b52,tp,clear_and_send_keys_and_hide_keyboard,
930,a54,a53,3,4,b52,tp,click,
931,a54,a53,4,5,b52,tp,wait_until_text_presence,
932,a54,a55,0,0,b52,fn,clear_and_send_keys,
933,a54,a55,1,1,b52,tp,clear_and_send_keys,
934,a54,a55,2,2,b52,fn,clear_and_send_keys_and_hide_keyboard,
935,a54,a55,3,3,b52,tp,click,
936,a54,a55,4,4,b52,tp,wait_until_text_presence,
937,a55,a51,0,0,b52,fp,,
938,a55,a51,1,1,b52,tp,clear_and_send_keys,
939,a55,a51,2,2,b52,tp,clear_and_send_keys,
940,a55,a51,3,-1,b52,tp,,
941,a55,a51,4,3,b52,tp,clear_and_send_keys_and_hide_keyboard,
942,a55,a52,0,0,b52,tp,clear_and_send_keys,
943,a55,a52,1,1,b52,tp,clear_and_send_keys_and_hide_keyboard,
944,a55,a52,2,2,b52,tp,clear_and_send_keys_and_hide_keyboard,
945,a55,a52,3,-1,b52,tp,,
946,a55,a52,4,3,b52,tp,wait_until_text_presence,
947,a55,a53,0,1,b52,tp,clear_and_send_keys,
948,a55,a53,1,2,b52,tp,clear_and_send_keys,
949,a55,a53,2,3,b52,tp,clear_and_send_keys_and_hide_keyboard,
950,a55,a53,3,4,b52,tp,click,
951,a55,a53,4,5,b52,tp,wait_until_text_presence,
952,a55,a54,0,0,b52,tp,clear_and_send_keys,
953,a55,a54,1,1,b52,tp,clear_and_send_keys,
954,a55,a54,2,2,b52,tp,clear_and_send_keys_and_hide_keyboard,
955,a55,a54,3,3,b52,tp,click,
956,a55,a54,4,4,b52,tp,wait_until_text_presence,
957,a32,a35,0,4,b32,tp,wait_until_element_presence,
958,a32,a35,1,5,b32,fn,,
959,a32,a35,2,6,b32,fn,,
960,a32,a35,3,7,b32,fp,click,
961,a32,a34,0,4,b32,tp,wait_until_element_presence,
962,a32,a34,1,5,b32,fn,send_keys,
963,a32,a34,2,6,b32,fn,send_keys_and_hide_keyboard,
964,a32,a34,3,7,b32,fp,click,